{"cameraMode":{"drawMode":0,"name":"Shaded","section":"Shading Mode"},"sceneLighting":true,"audioPlay":false,"sceneViewState":{"m_AlwaysRefresh":false,"showFog":true,"showSkybox":true,"showFlares":true,"showImageEffects":true,"showParticleSystems":true,"showVisualEffectGraphs":true,"m_FxEnabled":true},"in2DMode":false,"pivot":{"x":6.846532344818115,"y":9.73036003112793,"z":4.782593727111816},"rotation":{"x":0.11539168655872345,"y":0.7649918794631958,"z":-0.14301015436649323,"w":0.6172676682472229},"size":0.0014092688215896488,"orthographic":false}